kennelname,address,phone
Novar kennel club,30 argyle street-Glasgow-G38YJ,01415319536
Canine kennel club,15 Barr street-Glasgow-G207LR,01412215646
Grampain kennel club,Sauchiehall street-Glasgow G21JF,01418814131
Fife kennel club,Renfrew street-Glasgow G41FD,01416618179
Island kennel club,5 city center street- Edinburgh E675R,07642198007
Dewers kennel club,Renfrew street-Glasgow G41FD,01416618179
Partic kennel club,The castle bussnise park-Stirling-FK9 4TR,01563573299
Summer kennel club,104 Bellgrove street-Glasgow-G31 1AA,01415508888
Kerrland kennel club,125 West regent street-Glasgow-K12 2AS,01412486868
Dyce kennel club,22 otrgo lane-Glasgow-G128PB,01413397776
Semenze kennel club,34 Downaldswood pk paisly,012945545567
Mills kennel club,66 Ainfdwalkinshaw rd rainfrew PA4 9LP,01418894565
Peden kennel club,,01414294354
Haydland kennel club,,01290558545
Strathclyde kennel club,25 Berkely street-Glasgow G37AW,
Clyde River kennel club,25 Berkely street-Glasgow G37AW,
Irland kennel club,5 city center street- Edinburgh E675R,
Zain kennel club,3 Kyle road -Irvine KA12 8JF,
Scottish kennel club,,
Crandford kennel club,,
